{
  "type" : "Room",
  "name" : "Room1",
  "children" : [ {
    "type" : "Bed",
    "name" : "Bed1",
    "locationX" : 285,
    "locationY" : 79,
    "width" : 50,
    "length" : 100,
    "rotation" : 0
  }, {
    "type" : "Bed",
    "name" : "Bed2",
    "locationX" : 413,
    "locationY" : 79,
    "width" : 50,
    "length" : 100,
    "rotation" : 0
  }, {
    "type" : "Toilet",
    "name" : "Toilet1",
    "locationX" : 244,
    "locationY" : 77,
    "width" : 50,
    "length" : 50,
    "rotation" : 0
  }, {
    "type" : "Toilet",
    "name" : "Toilet2",
    "locationX" : 349,
    "locationY" : 103,
    "width" : 50,
    "length" : 50,
    "rotation" : 2
  }, {
    "type" : "Toilet",
    "name" : "Toilet3",
    "locationX" : 453,
    "locationY" : 79,
    "width" : 50,
    "length" : 50,
    "rotation" : 0
  }, {
    "type" : "Boiler",
    "name" : "Boiler1",
    "locationX" : 285,
    "locationY" : 34,
    "width" : 50,
    "length" : 50,
    "rotation" : 0
  }, {
    "type" : "Table",
    "name" : "Table1",
    "locationX" : 281,
    "locationY" : 216,
    "width" : 50,
    "length" : 50,
    "rotation" : 0
  }, {
    "type" : "Toilet",
    "name" : "Toilet4",
    "locationX" : 336,
    "locationY" : 219,
    "width" : 40,
    "length" : 40,
    "rotation" : 1
  }, {
    "type" : "Toilet",
    "name" : "Toilet5",
    "locationX" : 231,
    "locationY" : 219,
    "width" : 40,
    "length" : 40,
    "rotation" : 3
  }, {
    "type" : "Toilet",
    "name" : "Toilet6",
    "locationX" : 286,
    "locationY" : 169,
    "width" : 40,
    "length" : 40,
    "rotation" : 0
  }, {
    "type" : "Toilet",
    "name" : "Toilet7",
    "locationX" : 285,
    "locationY" : 273,
    "width" : 40,
    "length" : 40,
    "rotation" : 2
  }, {
    "type" : "Door",
    "name" : "Door1",
    "locationX" : 164,
    "locationY" : 25,
    "width" : 50,
    "length" : 50,
    "rotation" : 1
  }, {
    "type" : "Bed",
    "name" : "Bed3",
    "locationX" : 318,
    "locationY" : 254,
    "width" : 100,
    "length" : 50,
    "rotation" : 3
  }, {
    "type" : "Closet",
    "name" : "Closet1",
    "locationX" : 464,
    "locationY" : 0,
    "width" : 100,
    "length" : 100,
    "rotation" : 0
  } ],
  "oldName" : "",
  "roomWidth" : 500,
  "roomLength" : 500
}